{"cameraMode":{"drawMode":0,"name":"Shaded","section":"Shading Mode"},"sceneLighting":false,"audioPlay":false,"sceneViewState":{"m_AlwaysRefresh":false,"showFog":true,"showSkybox":false,"showFlares":true,"showImageEffects":true,"showParticleSystems":true,"showVisualEffectGraphs":true,"m_FxEnabled":true},"in2DMode":false,"pivot":{"x":3.686793327331543,"y":-0.7217578291893005,"z":-10.897530555725098},"rotation":{"x":0.12505023181438447,"y":0.09772031754255295,"z":-0.01254210900515318,"w":0.9873195290565491},"size":2.234621286392212,"orthographic":false}