{"cameraMode":{"drawMode":0,"name":"Shaded","section":"Shading Mode"},"sceneLighting":false,"audioPlay":false,"sceneViewState":{"m_AlwaysRefresh":false,"showFog":true,"showSkybox":true,"showFlares":true,"showImageEffects":true,"showParticleSystems":true,"showVisualEffectGraphs":true,"m_FxEnabled":true},"in2DMode":false,"pivot":{"x":8.684273719787598,"y":0.6971471309661865,"z":15.762630462646485},"rotation":{"x":-0.28550514578819277,"y":-0.004096453543752432,"z":0.0009512641117908061,"w":-0.9584935307502747},"size":30.80980682373047,"orthographic":false}