{"cameraMode":{"drawMode":0,"name":"Shaded","section":"Shading Mode"},"sceneLighting":false,"audioPlay":false,"sceneViewState":{"m_AlwaysRefresh":false,"showFog":true,"showSkybox":false,"showFlares":true,"showImageEffects":true,"showParticleSystems":true,"showVisualEffectGraphs":true,"m_FxEnabled":true},"in2DMode":false,"pivot":{"x":11.210000038146973,"y":3.246560573577881,"z":-4.979389190673828},"rotation":{"x":0.14646625518798829,"y":0.013637267053127289,"z":-0.0019245113944634796,"w":0.9891946911811829},"size":2.598079204559326,"orthographic":false}