{"cameraMode":{"drawMode":0,"name":"Shaded","section":"Shading Mode"},"sceneLighting":false,"audioPlay":false,"sceneViewState":{"m_AlwaysRefresh":false,"showFog":true,"showSkybox":false,"showFlares":true,"showImageEffects":true,"showParticleSystems":true,"showVisualEffectGraphs":true,"m_FxEnabled":true},"in2DMode":false,"pivot":{"x":-0.8100000619888306,"y":-1.7149999141693116,"z":-0.5249999761581421},"rotation":{"x":0.25355207920074465,"y":0.03447427600622177,"z":-0.009160616435110569,"w":0.9667386412620544},"size":2.234621047973633,"orthographic":false}