{"cameraMode":{"drawMode":0,"name":"Shaded","section":"Shading Mode"},"sceneLighting":false,"audioPlay":false,"sceneViewState":{"m_AlwaysRefresh":false,"showFog":true,"showSkybox":false,"showFlares":true,"showImageEffects":true,"showParticleSystems":true,"showVisualEffectGraphs":true,"m_FxEnabled":true},"in2DMode":false,"pivot":{"x":0.23698687553405763,"y":-1.2929611206054688,"z":-1.818195104598999},"rotation":{"x":-0.13337412476539613,"y":-0.13214050233364106,"z":0.01814560778439045,"w":-0.9821302890777588},"size":2.2346203327178957,"orthographic":false}