{"cameraMode":{"drawMode":0,"name":"Shaded","section":"Shading Mode"},"sceneLighting":false,"audioPlay":false,"sceneViewState":{"m_AlwaysRefresh":false,"showFog":true,"showSkybox":false,"showFlares":true,"showImageEffects":true,"showParticleSystems":true,"showVisualEffectGraphs":true,"m_FxEnabled":true},"in2DMode":false,"pivot":{"x":10.359588623046875,"y":13.769753456115723,"z":1.1371803283691407},"rotation":{"x":0.27090680599212649,"y":0.034916073083877566,"z":-0.009786841459572316,"w":0.962001621723175},"size":2.302783489227295,"orthographic":false}