{"cameraMode":{"drawMode":0,"name":"Shaded","section":"Shading Mode"},"sceneLighting":false,"audioPlay":false,"sceneViewState":{"m_AlwaysRefresh":false,"showFog":true,"showSkybox":false,"showFlares":true,"showImageEffects":true,"showParticleSystems":true,"showVisualEffectGraphs":true,"m_FxEnabled":true},"in2DMode":false,"pivot":{"x":0.8194886445999146,"y":-1.621000051498413,"z":0.36317235231399538},"rotation":{"x":-0.06020457670092583,"y":-0.6673611402511597,"z":0.054066140204668048,"w":-0.7404317855834961},"size":2.2977209091186525,"orthographic":false}