{"cameraMode":{"drawMode":0,"name":"Shaded","section":"Shading Mode"},"sceneLighting":false,"audioPlay":false,"sceneViewState":{"m_AlwaysRefresh":false,"showFog":true,"showSkybox":false,"showFlares":true,"showImageEffects":true,"showParticleSystems":true,"showVisualEffectGraphs":true,"m_FxEnabled":true},"in2DMode":false,"pivot":{"x":8.261226654052735,"y":5.758990287780762,"z":-9.838539123535157},"rotation":{"x":0.3012542128562927,"y":-0.001130540738813579,"z":0.00041921803494915366,"w":0.953574538230896},"size":16.904865264892579,"orthographic":false}