{"cameraMode":{"drawMode":0,"name":"Shaded","section":"Shading Mode"},"sceneLighting":false,"audioPlay":false,"sceneViewState":{"m_AlwaysRefresh":false,"showFog":true,"showSkybox":false,"showFlares":true,"showImageEffects":true,"showParticleSystems":true,"showVisualEffectGraphs":true,"m_FxEnabled":true},"in2DMode":false,"pivot":{"x":-2.0172252655029299,"y":7.32207727432251,"z":-7.439344882965088},"rotation":{"x":0.009422368369996548,"y":-0.9831653237342835,"z":0.17525523900985719,"w":0.05313761159777641},"size":1.5320909023284913,"orthographic":false}